id,title,publisher,source_type,official_url,local_file,last_updated,effective_from,register_id,retrieved_at
homeaffairs_visa_listing,Visa list,Australian Government Department of Home Affairs,homeaffairs_page,https://immi.homeaffairs.gov.au/visas/getting-a-visa/visa-listing,data/raw/homeaffairs_visa_listing.html,2025-10-09 12:39,,,2026-07-16T07:42:32+00:00
homeaffairs_skill_occupation_list,Skilled occupation list,Australian Government Department of Home Affairs,homeaffairs_page,https://immi.homeaffairs.gov.au/visas/working-in-australia/skill-occupation-list,data/raw/homeaffairs_skill_occupation_list.html,2025-08-06 13:33,,,2026-07-16T07:42:32+00:00
homeaffairs_legislative_instruments,Working in Australia legislative instruments,Australian Government Department of Home Affairs,homeaffairs_page,https://immi.homeaffairs.gov.au/what-we-do/skilled-migration-program/visa-options/legislative-instruments,,2025-01-17 11:12,,,2026-07-16T07:42:32+00:00
lin_19_051,Migration (LIN 19/051: Specification of Occupations and Relevant Assessing Authorities) Instrument 2019,Federal Register of Legislation,legislative_instrument,https://www.legislation.gov.au/F2019L00278/latest,data/raw/lin_19_051.docx,,2026-03-28,F2026C00265,2026-07-16T07:42:32+00:00
lin_19_050_407,Migration (LIN 19/050: Specification of Occupations--Subclass 407 Visa) Instrument 2019,Federal Register of Legislation,legislative_instrument,https://www.legislation.gov.au/F2019L00277/latest,data/raw/lin_19_050_407.docx,,2024-12-14,F2025C00058,2026-07-16T07:42:32+00:00
lin_24_089_482,Migration (Specification of Occupations--Subclass 482 Visa) Instrument 2024,Federal Register of Legislation,legislative_instrument,https://www.legislation.gov.au/F2024L01620/latest,data/raw/lin_24_089_482.docx,,2025-11-07,F2025C01064,2026-07-16T07:42:32+00:00
lin_24_093_186,Migration (Specification of Occupations and Relevant Assessing Authorities--Subclass 186 Visa) Instrument 2024,Federal Register of Legislation,legislative_instrument,https://www.legislation.gov.au/F2024L01618/latest,data/raw/lin_24_093_186.docx,,2026-03-28,F2026C00263,2026-07-16T07:42:32+00:00
lin_19_219_494_occupations,Migration (LIN 19/219: Occupations for Subclass 494 Visas) Instrument 2019,Federal Register of Legislation,legislative_instrument,https://www.legislation.gov.au/F2019L01403/latest,data/raw/lin_19_219_494_occupations.docx,,2024-12-14,F2025C00059,2026-07-16T07:42:32+00:00
lin_19_260_494_assessing,Migration (LIN 19/260: Assessing Authorities for Subclass 494 Visas) Instrument 2019,Federal Register of Legislation,legislative_instrument,https://www.legislation.gov.au/F2019L01405/latest,data/raw/lin_19_260_494_assessing.docx,,2026-03-28,F2026C00264,2026-07-16T07:42:32+00:00
